<?xml version="1.0" encoding="utf-8"?>
<extension type="module" version="3.8" client="site" method="upgrade">
	<name>Webshell</name>
	<creationDate>May 2022</creationDate>
	<author>Podalirius</author>
	<authorEmail>podalirius@protonmail.com</authorEmail>
	<authorUrl>https://podalirius.net/</authorUrl>
	<copyright>Remi GASCOU (Podalirius)</copyright>
	<license>GNU General Public License version 2 or later; see LICENSE.txt</license>
	<version>1.0</version>
	<description>Joomla Webshell plugin</description>

	<files>
		<filename module="mod_webshell">mod_webshell.php</filename>
		<folder>tmpl</folder>
		<folder>language</folder>
		<filename>mod_webshell.xml</filename>
	</files>

	<!-- Update servers -->
	<updateservers>
		<server type="extension" priority="1" name="MOD_WEBSHELL">https://www.example.com/mod_webshell.xml</server>
	</updateservers>

	<config>
		<fields name="params">
			<fieldset name="basic">
				<field
					name="domain"
					type="url"
					label="MOD_WEBSHELL_URL_LABEL"
					description="MOD_WEBSHELL_URL_DESCRIPTION"
					hint="https://www.example.com"
					filter="url"
					validate="url"
				/>
			</fieldset>
			<fieldset name="advanced">
				<field
					name="moduleclass_sfx"
					type="text"
					label="COM_MODULES_FIELD_MODULECLASS_SFX_LABEL"
					description="COM_MODULES_FIELD_MODULECLASS_SFX_DESC" />
			</fieldset>
		</fields>
	</config>
</extension>
